{
  "width": 2048,
  "height": 1024,
  "coverage_percent": 13.275957107543945,
  "visible_pixels": 278417,
  "total_pixels": 2097152,
  "fov_degrees": 39.597755335771296,
  "projection": "equirectangular"
}